{
  "project_info": {
    "project_number": "362524271010",
    "firebase_url": "https://friendlychat-2cece.firebaseio.com",
    "project_id": "friendlychat-2cece",
    "storage_bucket": "friendlychat-2cece.appspot.com"
  },
  "client": [
    {
      "client_info": {
        "mobilesdk_app_id": "1:362524271010:android:af94105296de637c1152fb",
        "android_client_info": {
          "package_name": "com.google.firebase.udacity.friendlychat"
        }
      },
      "oauth_client": [
        {
          "client_id": "362524271010-gkgma1j6i9b24avk06ltakok4f2d78op.apps.googleusercontent.com",
          "client_type": 3
        }
      ],
      "api_key": [
        {
          "current_key": "AIzaSyDfgVytJjlAJAl2OrKokFxkL1UBZZKjTR0"
        }
      ],
      "services": {
        "appinvite_service": {
          "other_platform_oauth_client": [
            {
              "client_id": "362524271010-gkgma1j6i9b24avk06ltakok4f2d78op.apps.googleusercontent.com",
              "client_type": 3
            }
          ]
        }
      }
    }
  ],
  "configuration_version": "1"
}